Design,Protocol,Length,Seed,Helicity,Target_Hotspot,Sequence,InterfaceResidues,pLDDT,pTM,i_pTM,pAE,i_pAE,i_pLDDT,ss_pLDDT,Unrelaxed_Clashes,Relaxed_Clashes,Binder_Energy_Score,Surface_Hydrophobicity,ShapeComplementarity,PackStat,dG,dSASA,dG/dSASA,Interface_SASA_%,Interface_Hydrophobicity,n_InterfaceResidues,n_InterfaceHbonds,InterfaceHbondsPercentage,n_InterfaceUnsatHbonds,InterfaceUnsatHbondsPercentage,Interface_Helix%,Interface_BetaSheet%,Interface_Loop%,Binder_Helix%,Binder_BetaSheet%,Binder_Loop%,InterfaceAAs,Target_RMSD,TrajectoryTime,Notes,TargetSettings,Filters,AdvancedSettings
PDL1_l62_s446842,4stage,62,446842,-0.3,A,HSPVQKVMRRMNEASMEWWRVHGTWRKLGPTSREEVAEWVETSNEFHRVIHEFIRVMEREAG,"B8,B11,B15,B18,B19,B22,B23,B25,B26,B27,B28,B29,B30,B36,B39,B43,B46,B47,B50,B53,B54,B57,B58",0.91,0.89,0.86,0.14,0.16,0.94,0.93,14,0,-131.74,0.4,0.65,0.64,-48.05,1867.18,-2.57,46.57,60.87,23,4,17.39,2.0,8.7,94.44,0.0,5.56,82.26,0.0,17.74,"{'A': 0, 'C': 0, 'D': 0, 'E': 1, 'F': 2, 'G': 2, 'H': 2, 'I': 2, 'K': 1, 'L': 1, 'M': 3, 'N': 0, 'P': 1, 'Q': 0, 'R': 1, 'S': 2, 'T': 0, 'V': 1, 'W': 4, 'Y': 0}",0.33
PDL1_l55_s143980,4stage,55,143980,-0.3,A,DMYPHLSRPEAQKYMFENVQEYAQRRKDAGDPNYKTSVAHHFYEFVRKYSPEIRS,"B8,B9,B12,B13,B15,B16,B19,B20,B23,B27,B34,B35,B36,B38,B39,B40,B42,B43,B46,B50,B52,B53",0.81,0.85,0.77,0.21,0.23,0.82,0.85,5,0,-110.47,0.32,0.67,0.66,-56.01,2007.68,-2.79,56.38,54.55,22,9,40.91,4.0,18.18,90.48,0.0,9.52,74.55,0.0,25.45,"{'A': 2, 'C': 0, 'D': 0, 'E': 1, 'F': 2, 'G': 0, 'H': 1, 'I': 1, 'K': 3, 'L': 0, 'M': 1, 'N': 0, 'P': 1, 'Q': 2, 'R': 1, 'S': 1, 'T': 1, 'V': 3, 'W': 0, 'Y': 2}",0.32
PDL1_l62_s377082,4stage,62,377082,-0.3,A,SDMKRRYREREKRYHRRSKRNLKASRRYKDDPFDRHWHDRIEYFQDRGHESMRRMMRIVDRM,"B10,B13,B14,B17,B18,B20,B21,B24,B25,B27,B28,B34,B36,B37,B38,B40,B41,B44,B45,B47,B48,B52",0.81,0.8,0.65,0.21,0.25,0.78,0.82,20,0,-111.15,0.21,0.65,0.75,-51.68,1900.79,-2.72,41.09,31.82,22,8,36.36,4.0,18.18,87.5,0.0,12.5,88.71,0.0,11.29,"{'A': 1, 'C': 0, 'D': 1, 'E': 0, 'F': 1, 'G': 1, 'H': 2, 'I': 1, 'K': 0, 'L': 0, 'M': 1, 'N': 1, 'P': 0, 'Q': 1, 'R': 7, 'S': 2, 'T': 0, 'V': 0, 'W': 1, 'Y': 2}",0.29
PDL1_l63_s839533,4stage,63,839533,-0.3,A,PMSQRERLIMRLSPFEYVMMEAMRYMKRRKSPHMGDVYRVMRDWGGLERVQRVMREMKVLDRP,"B10,B14,B15,B17,B18,B19,B21,B22,B24,B25,B26,B31,B33,B36,B37,B39,B40,B43,B44",0.91,0.86,0.82,0.15,0.18,0.92,0.93,1,0,-152.32,0.44,0.66,0.75,-47.25,1581.68,-2.99,36.82,63.16,19,6,31.58,4.0,21.05,87.5,0.0,12.5,73.02,0.0,26.98,"{'A': 1, 'C': 0, 'D': 2, 'E': 1, 'F': 1, 'G': 0, 'H': 1, 'I': 0, 'K': 0, 'L': 0, 'M': 3, 'N': 0, 'P': 1, 'Q': 0, 'R': 2, 'S': 1, 'T': 0, 'V': 3, 'W': 1, 'Y': 2}",0.27
PDL1_l59_s519279,4stage,59,519279,-0.3,A,SEYVVVSKDEIWEMMVQVFNTPSGRSMDEKVSVFRVLSSMSERPNQEYPVELIRHLLGQ,"B8,B9,B12,B13,B15,B16,B19,B20,B27,B28,B31,B34,B35,B38,B41,B42,B44",0.92,0.88,0.85,0.13,0.15,0.94,0.94,4,0,-161.62,0.38,0.64,0.69,-45.02,1562.46,-2.88,46.42,47.06,17,5,29.41,1.0,5.88,93.75,0.0,6.25,59.32,13.56,27.12,"{'A': 0, 'C': 0, 'D': 2, 'E': 2, 'F': 2, 'G': 0, 'H': 0, 'I': 0, 'K': 1, 'L': 0, 'M': 2, 'N': 1, 'P': 1, 'Q': 0, 'R': 1, 'S': 2, 'T': 0, 'V': 2, 'W': 1, 'Y': 0}",1.2
PDL1_l57_s860416,4stage,57,860416,-0.3,A,PDPHDVMFERIAKKHHVLQADPKPEKAHTMVEKMLGIWSRGWSPQSMAEVEDLINSM,"B2,B4,B5,B8,B9,B11,B12,B15,B16,B19,B28,B31,B32,B35,B36,B38,B39,B40,B41,B42",0.82,0.82,0.72,0.2,0.24,0.8,0.84,15,0,-128.29,0.46,0.66,0.67,-47.44,1845.17,-2.57,58.76,35.0,20,10,50.0,3.0,15.0,80.0,0.0,20.0,77.19,0.0,22.81,"{'A': 1, 'C': 0, 'D': 2, 'E': 2, 'F': 1, 'G': 2, 'H': 4, 'I': 1, 'K': 0, 'L': 1, 'M': 0, 'N': 0, 'P': 0, 'Q': 1, 'R': 1, 'S': 1, 'T': 0, 'V': 1, 'W': 2, 'Y': 0}",0.98
PDL1_l57_s95288,4stage,57,95288,-0.3,A,MSTEEKQTEAVLYALAAWPTKRRRMNFYNSYMQFSARKGREVIEEVKQRMIKIVESG,"B3,B6,B7,B10,B11,B13,B14,B17,B18,B19,B22,B23,B27,B30,B31,B34,B37,B38,B40",0.93,0.89,0.88,0.12,0.14,0.93,0.95,8,0,-138.05,0.34,0.66,0.68,-57.0,1802.63,-3.16,52.42,52.63,19,9,47.37,6.0,31.58,80.0,0.0,20.0,77.19,0.0,22.81,"{'A': 3, 'C': 0, 'D': 0, 'E': 0, 'F': 2, 'G': 0, 'H': 0, 'I': 0, 'K': 2, 'L': 0, 'M': 0, 'N': 0, 'P': 1, 'Q': 1, 'R': 4, 'S': 1, 'T': 1, 'V': 1, 'W': 1, 'Y': 2}",0.47
PDL1_l62_s577082,4stage,62,577082,-0.3,A,MSKVEVKARLKELEVKRDKMGRAVKAKFRKYHHFDWMQRFFKNMPPERYQVINEVKALRRMV,"B14,B17,B18,B21,B22,B24,B25,B28,B29,B31,B32,B33,B34,B35,B37,B38,B40,B41,B44,B48,B49,B52,B53,B55,B56,B59,B60",0.92,0.88,0.85,0.14,0.16,0.9,0.93,5,0,-147.82,0.35,0.64,0.67,-56.65,2253.29,-2.51,53.16,40.74,27,10,37.04,3.0,11.11,76.19,0.0,23.81,79.03,0.0,20.97,"{'A': 0, 'C': 0, 'D': 2, 'E': 1, 'F': 4, 'G': 1, 'H': 2, 'I': 1, 'K': 2, 'L': 0, 'M': 2, 'N': 1, 'P': 0, 'Q': 1, 'R': 6, 'S': 0, 'T': 0, 'V': 2, 'W': 0, 'Y': 2}",0.32
PDL1_l55_s482103,4stage,55,482103,-0.3,A,NERAKREEIREIHAMRTRMERDSNRGKRLKNGEPFLTPVMIDTIVAQMVENVLSS,"B8,B11,B12,B15,B18,B19,B22,B25,B26,B27,B29,B35,B36,B40,B43,B44,B47,B48,B51,B52",0.91,0.88,0.85,0.13,0.15,0.9,0.94,7,0,-131.79,0.33,0.65,0.64,-56.86,2060.5,-2.76,59.19,50.0,20,13,65.0,3.0,15.0,77.78,0.0,22.22,74.55,0.0,25.45,"{'A': 0, 'C': 0, 'D': 1, 'E': 2, 'F': 1, 'G': 1, 'H': 0, 'I': 2, 'K': 1, 'L': 2, 'M': 4, 'N': 1, 'P': 0, 'Q': 1, 'R': 2, 'S': 0, 'T': 1, 'V': 1, 'W': 0, 'Y': 0}",1.05
PDL1_l64_s99666,4stage,64,99666,-0.3,A,TTPKPMTLREAEILVRKFVRLVRDKRTPSQQIYWTLRHIMDRVEAMSVREKTEVNEIWSKAWWG,"B18,B22,B23,B24,B25,B27,B29,B30,B32,B33,B36,B37,B40,B41,B43,B44,B51,B52,B55,B58,B59,B62,B63",0.92,0.89,0.85,0.13,0.15,0.93,0.94,8,0,-164.93,0.32,0.68,0.68,-59.24,1941.37,-3.05,48.13,43.48,23,11,47.83,9.0,39.13,100.0,0.0,0.0,75.0,0.0,25.0,"{'A': 0, 'C': 0, 'D': 2, 'E': 1, 'F': 1, 'G': 0, 'H': 0, 'I': 1, 'K': 2, 'L': 1, 'M': 1, 'N': 1, 'P': 0, 'Q': 1, 'R': 2, 'S': 2, 'T': 2, 'V': 2, 'W': 3, 'Y': 1}",1.18
PDL1_l65_s422759,4stage,65,422759,-0.3,A,DAVERIANMPQYREFMHLYESYKAAHKNGGWMPVWQMYDFMQTMMTTHPAAWGAYIEYHRAKAAQ,"B31,B33,B34,B35,B37,B38,B41,B42,B45,B52,B55,B56,B59,B60,B63",0.88,0.85,0.78,0.17,0.19,0.89,0.92,3,0,-122.64,0.52,0.7,0.69,-43.63,1492.45,-2.92,37.4,80.0,15,3,20.0,3.0,20.0,84.62,0.0,15.38,78.46,0.0,21.54,"{'A': 1, 'C': 0, 'D': 0, 'E': 0, 'F': 0, 'G': 0, 'H': 1, 'I': 1, 'K': 0, 'L': 0, 'M': 3, 'N': 0, 'P': 1, 'Q': 1, 'R': 1, 'S': 0, 'T': 0, 'V': 1, 'W': 3, 'Y': 2}",1.18
PDL1_l59_s942948,4stage,59,942948,-0.3,A,PPSKVEIAQNYPRFMENYMAMHEFVETNREIKGHPGMYGHLKKIMERNAEYFREAEGAT,"B1,B2,B10,B13,B14,B17,B20,B21,B24,B25,B28,B30,B31,B34,B35,B36,B37,B40,B41,B43,B44,B47,B48,B51",0.82,0.85,0.78,0.2,0.22,0.85,0.83,12,0,-129.96,0.39,0.68,0.67,-58.59,2060.63,-2.84,57.5,54.17,24,10,41.67,4.0,16.67,80.0,0.0,20.0,88.14,0.0,11.86,"{'A': 1, 'C': 0, 'D': 0, 'E': 1, 'F': 2, 'G': 1, 'H': 2, 'I': 2, 'K': 1, 'L': 1, 'M': 2, 'N': 4, 'P': 3, 'Q': 0, 'R': 2, 'S': 0, 'T': 0, 'V': 1, 'W': 0, 'Y': 1}",0.26
PDL1_l58_s608874,4stage,58,608874,-0.3,A,SLQPEARAIRRWTEFRVQLMERLAEVTARGDPNVDRFRQAVTHFSVHLEREQAKMAAQ,"B4,B5,B8,B11,B12,B15,B18,B19,B22,B26,B31,B33,B34,B36,B37,B40,B41,B43,B44,B47,B48,B51",0.93,0.89,0.87,0.13,0.15,0.94,0.94,1,0,-130.65,0.36,0.73,0.68,-58.7,2060.9,-2.85,54.52,54.55,22,6,27.27,9.0,40.91,90.48,0.0,9.52,84.48,0.0,15.52,"{'A': 2, 'C': 0, 'D': 1, 'E': 2, 'F': 3, 'G': 0, 'H': 2, 'I': 0, 'K': 0, 'L': 2, 'M': 0, 'N': 1, 'P': 1, 'Q': 1, 'R': 3, 'S': 0, 'T': 0, 'V': 3, 'W': 1, 'Y': 0}",0.64
PDL1_l61_s305374,4stage,61,305374,-0.3,A,SEAARWKRSKAVRRRIREIEREHKEVVRAKGGMTPTERGELHSRMMMRLLKEAAVDPNKYM,"B5,B6,B8,B9,B12,B13,B16,B17,B20,B23,B35,B36,B38,B39,B40,B42,B43,B46,B47,B49,B50,B51,B53,B54,B57",0.92,0.89,0.87,0.12,0.14,0.94,0.94,3,0,-147.93,0.33,0.61,0.64,-53.57,2077.06,-2.58,52.71,44.0,25,7,28.0,6.0,24.0,100.0,0.0,0.0,81.97,0.0,18.03,"{'A': 2, 'C': 0, 'D': 0, 'E': 2, 'F': 0, 'G': 1, 'H': 2, 'I': 1, 'K': 1, 'L': 2, 'M': 2, 'N': 0, 'P': 2, 'Q': 0, 'R': 5, 'S': 2, 'T': 1, 'V': 1, 'W': 1, 'Y': 0}",0.36
PDL1_l65_s391595,4stage,65,391595,-0.3,A,MPIKMHPEFEVLITDPRTPKRTVMSYMKRLMRRVYKLEKQGWTEPEIKRELEELMVEILREEAAK,"B2,B3,B5,B10,B13,B14,B15,B16,B18,B20,B23,B24,B27,B28,B30,B31,B34,B35,B38,B39,B44,B47,B48,B51,B55",0.96,0.88,0.88,0.11,0.14,0.95,0.96,3,0,-175.96,0.42,0.63,0.65,-65.14,2307.58,-2.82,56.68,60.0,25,7,28.0,9.0,36.0,73.91,0.0,26.09,73.85,0.0,26.15,"{'A': 0, 'C': 0, 'D': 1, 'E': 3, 'F': 0, 'G': 0, 'H': 0, 'I': 3, 'K': 4, 'L': 2, 'M': 5, 'N': 0, 'P': 2, 'Q': 0, 'R': 0, 'S': 0, 'T': 2, 'V': 2, 'W': 0, 'Y': 1}",0.35
PDL1_l57_s816560,4stage,57,816560,-0.3,A,METIDEMWKRLVPIMPTDRKFRVPKDLFRGTQTTREWIKAMYDYVTEWKKKNGEPVP,"B4,B5,B8,B9,B11,B12,B15,B16,B17,B18,B19,B21,B22,B23,B24,B25,B28,B29,B30,B31,B32,B33,B34,B37,B38,B41",0.89,0.87,0.84,0.15,0.18,0.87,0.93,17,0,-152.94,0.35,0.62,0.66,-62.09,2291.73,-2.71,63.55,50.0,26,10,38.46,2.0,7.69,42.86,0.0,57.14,56.14,0.0,43.86,"{'A': 0, 'C': 0, 'D': 2, 'E': 0, 'F': 2, 'G': 1, 'H': 0, 'I': 2, 'K': 2, 'L': 1, 'M': 2, 'N': 0, 'P': 2, 'Q': 1, 'R': 3, 'S': 0, 'T': 4, 'V': 2, 'W': 2, 'Y': 0}",0.32
PDL1_l57_s28115,4stage,57,28115,-0.3,A,SSDRPHFTPSEKKRIKRDMKKSWKVSIKKHPEYGRRHKENPKQSPPGRFMNFVAIHG,"B3,B5,B7,B11,B14,B15,B18,B19,B22,B23,B25,B26,B27,B29,B30,B33,B36,B43,B45,B46,B48,B49,B52,B53",0.82,0.84,0.78,0.19,0.21,0.83,0.87,18,0,-117.01,0.27,0.62,0.61,-44.19,2028.21,-2.18,49.24,54.17,24,5,20.83,9.0,37.5,77.27,0.0,22.73,71.93,0.0,28.07,"{'A': 0, 'C': 0, 'D': 2, 'E': 1, 'F': 3, 'G': 0, 'H': 1, 'I': 2, 'K': 1, 'L': 0, 'M': 1, 'N': 0, 'P': 3, 'Q': 1, 'R': 3, 'S': 2, 'T': 0, 'V': 2, 'W': 1, 'Y': 1}",0.31
PDL1_l63_s510435,4stage,63,510435,-0.3,A,MSYFPLNEPVMPGDVRFLERVAALFRRHGIQQLEVSMRVEVWKVKNPNKPIPEELKEMMKNAS,"B4,B5,B6,B7,B8,B9,B10,B11,B13,B14,B16,B17,B18,B20,B21,B24,B25,B27,B28,B30,B33,B37",0.89,0.87,0.82,0.15,0.18,0.91,0.93,5,0,-142.13,0.45,0.75,0.54,-61.86,1891.24,-3.27,46.96,63.64,22,15,68.18,4.0,18.18,55.56,0.0,44.44,65.08,0.0,34.92,"{'A': 0, 'C': 0, 'D': 1, 'E': 1, 'F': 3, 'G': 1, 'H': 1, 'I': 1, 'K': 0, 'L': 4, 'M': 2, 'N': 1, 'P': 2, 'Q': 0, 'R': 3, 'S': 0, 'T': 0, 'V': 2, 'W': 0, 'Y': 0}",0.4
PDL1_l55_s91813,4stage,55,91813,-0.3,A,SAAVVADDVRWLRKRVVQFEEWLVTHTSKDYEGWRASVRRAVYYMRDLIEALMAG,"B4,B5,B7,B8,B11,B12,B15,B19,B22,B33,B34,B36,B37,B38,B40,B41,B44,B45,B48,B52",0.93,0.87,0.84,0.13,0.15,0.94,0.94,12,1,-120.59,0.44,0.61,0.64,-45.05,1769.9,-2.55,50.76,70.0,20,7,35.0,4.0,20.0,100.0,0.0,0.0,90.91,0.0,9.09,"{'A': 2, 'C': 0, 'D': 2, 'E': 0, 'F': 1, 'G': 1, 'H': 0, 'I': 0, 'K': 0, 'L': 3, 'M': 1, 'N': 0, 'P': 0, 'Q': 0, 'R': 2, 'S': 1, 'T': 0, 'V': 3, 'W': 3, 'Y': 1}",0.39
PDL1_l63_s749237,4stage,63,749237,-0.3,A,PSPQDTKWEEMAKIWGNVTRKVYTRRRVARERNDPELRRRADRFSKHEIAKHMPKVNEIINRS,"B2,B4,B5,B7,B8,B9,B11,B12,B15,B16,B18,B19,B20,B22,B23,B26,B30,B45,B46,B49,B53,B56,B57,B60",0.91,0.88,0.85,0.14,0.16,0.92,0.93,11,0,-154.24,0.27,0.63,0.68,-57.6,2076.87,-2.77,50.1,45.83,24,9,37.5,2.0,8.33,95.45,0.0,4.55,87.3,0.0,12.7,"{'A': 1, 'C': 0, 'D': 1, 'E': 1, 'F': 0, 'G': 1, 'H': 0, 'I': 2, 'K': 2, 'L': 0, 'M': 2, 'N': 1, 'P': 0, 'Q': 1, 'R': 3, 'S': 2, 'T': 1, 'V': 3, 'W': 2, 'Y': 1}",0.34
PDL1_l55_s329639,4stage,55,329639,-0.3,A,EPRVFIEEDREGLFVFHFPEGVSHRRQSEVVWLWQHHRLRPRAVEMMTEIEAAAK,"B9,B11,B13,B14,B15,B16,B17,B18,B24,B25,B27,B28,B31,B32,B35,B36",0.75,0.73,0.41,0.31,0.4,0.68,0.78,27,0,-139.35,0.31,0.48,0.59,-35.06,1645.44,-2.13,45.61,43.75,16,6,37.5,2.0,12.5,50.0,18.75,31.25,54.55,14.55,30.91,"{'A': 0, 'C': 0, 'D': 1, 'E': 1, 'F': 3, 'G': 0, 'H': 3, 'I': 0, 'K': 0, 'L': 1, 'M': 0, 'N': 0, 'P': 0, 'Q': 2, 'R': 1, 'S': 1, 'T': 0, 'V': 2, 'W': 1, 'Y': 0}",0.31
PDL1_l56_s985479,4stage,56,985479,-0.3,A,SYSQVPKEFWRRHYWHLKHLMRRPRRGGEHKNPSEAMNRHADRFMVKAKEILRRQG,"B1,B2,B3,B5,B7,B10,B11,B13,B14,B15,B17,B18,B21,B33,B34,B37,B38,B41,B42,B45",0.84,0.85,0.79,0.21,0.22,0.9,0.92,0,0,-118.15,0.41,0.75,0.69,-54.71,1795.84,-3.05,42.08,55.0,20,3,15.0,5.0,25.0,88.89,0.0,11.11,73.21,0.0,26.79,"{'A': 1, 'C': 0, 'D': 1, 'E': 0, 'F': 0, 'G': 0, 'H': 1, 'I': 0, 'K': 2, 'L': 1, 'M': 3, 'N': 1, 'P': 1, 'Q': 0, 'R': 1, 'S': 3, 'T': 0, 'V': 1, 'W': 2, 'Y': 2}",0.98
PDL1_l55_s74159,4stage,55,74159,-0.3,A,MKVTPKVLERSWQILRNLQAVQPKVNRGTEQDRRFFKRVMAWYQRVMRDMLRAWR,"B1,B7,B10,B11,B14,B17,B18,B21,B24,B25,B28,B29,B31,B32,B34,B35,B36,B38,B39,B42,B43,B45,B46,B50",0.94,0.88,0.87,0.13,0.15,0.94,0.95,9,0,-140.38,0.38,0.76,0.67,-73.23,2181.7,-3.36,59.01,54.17,24,9,37.5,2.0,8.33,85.0,0.0,15.0,81.82,0.0,18.18,"{'A': 0, 'C': 0, 'D': 1, 'E': 0, 'F': 2, 'G': 1, 'H': 0, 'I': 1, 'K': 1, 'L': 1, 'M': 2, 'N': 1, 'P': 0, 'Q': 1, 'R': 4, 'S': 1, 'T': 1, 'V': 5, 'W': 1, 'Y': 1}",0.38
PDL1_l64_s175657,4stage,64,175657,-0.3,A,SPYDTMIKVMHKISTRWRKGERDSPELNEALVKFETLVEEMQARHTMTPEQRMQHVDEEIAKMS,"B3,B4,B6,B7,B10,B11,B13,B14,B15,B17,B18,B27,B31,B34,B35,B38,B41,B42,B45,B47,B49,B52,B53,B55,B56,B57,B59,B60,B62,B63",0.91,0.87,0.86,0.15,0.16,0.91,0.93,11,0,-145.16,0.37,0.69,0.68,-82.96,3028.75,-2.74,72.48,56.67,30,11,36.67,6.0,20.0,96.0,0.0,4.0,79.69,0.0,20.31,"{'A': 0, 'C': 0, 'D': 2, 'E': 2, 'F': 1, 'G': 0, 'H': 3, 'I': 3, 'K': 1, 'L': 2, 'M': 6, 'N': 0, 'P': 1, 'Q': 1, 'R': 2, 'S': 1, 'T': 1, 'V': 2, 'W': 1, 'Y': 1}",0.44
PDL1_l65_s644222,4stage,65,644222,-0.3,A,MATINVTLMMDVAKKHAPNHTAKEFFRAWNAMEDVMIEQGFPPTHENRFQVIKILHKFIMETRPS,"B20,B21,B22,B25,B26,B29,B30,B45,B46,B48,B49,B52,B53,B55,B56,B59,B60,B63",0.91,0.88,0.85,0.14,0.16,0.93,0.94,1,0,-147.47,0.43,0.72,0.63,-54.95,1749.84,-3.14,47.87,50.0,18,4,22.22,5.0,27.78,81.25,0.0,18.75,70.77,0.0,29.23,"{'A': 1, 'C': 0, 'D': 0, 'E': 1, 'F': 3, 'G': 0, 'H': 3, 'I': 2, 'K': 1, 'L': 1, 'M': 1, 'N': 1, 'P': 0, 'Q': 0, 'R': 2, 'S': 0, 'T': 1, 'V': 0, 'W': 1, 'Y': 0}",0.3
PDL1_l62_s554233,4stage,62,554233,-0.3,A,GAVYRAHKKAMRVWWARMWEFMKTASAMMRASPRASKRAVDTFRSMVREHDRIYDRYERRTG,"B7,B8,B11,B14,B15,B18,B19,B21,B22,B23,B25,B26,B29,B30,B36,B39,B40,B43,B44,B47,B48,B50,B51,B54,B58",0.95,0.89,0.88,0.12,0.14,0.95,0.95,0,0,-134.94,0.43,0.66,0.72,-57.27,2138.98,-2.68,52.76,56.0,25,9,36.0,2.0,8.0,100.0,0.0,0.0,95.16,0.0,4.84,"{'A': 2, 'C': 0, 'D': 1, 'E': 1, 'F': 2, 'G': 0, 'H': 2, 'I': 0, 'K': 2, 'L': 0, 'M': 4, 'N': 0, 'P': 0, 'Q': 0, 'R': 3, 'S': 2, 'T': 0, 'V': 2, 'W': 3, 'Y': 1}",0.39
PDL1_l64_s682748,4stage,64,682748,-0.3,A,MKMTPVETAFVKSFPEFVKAYKSPKEVRDRASKRLLELLRAAHEARGGGWISPVFWAAFKAYQG,"B10,B14,B17,B18,B21,B25,B28,B29,B32,B33,B35,B36,B39,B40,B43,B46,B47,B48,B49,B50,B51,B52,B55,B56,B59,B62,B63",0.89,0.86,0.84,0.15,0.17,0.89,0.92,5,0,-154.48,0.43,0.65,0.57,-79.33,2635.98,-3.01,72.71,51.85,27,11,40.74,8.0,29.63,85.71,0.0,14.29,79.69,0.0,20.31,"{'A': 0, 'C': 0, 'D': 1, 'E': 0, 'F': 5, 'G': 3, 'H': 1, 'I': 1, 'K': 2, 'L': 3, 'M': 0, 'N': 0, 'P': 0, 'Q': 1, 'R': 3, 'S': 2, 'T': 0, 'V': 1, 'W': 2, 'Y': 2}",0.38
PDL1_l62_s36965,4stage,62,36965,-0.3,A,RLPWPADPHTRVAGFFYGEIVDHPDKTTRKSIAAARTFVRFYLDYHRMPYVDVYDRRFDKLM,"B9,B12,B15,B16,B19,B20,B23,B26,B27,B28,B30,B31,B34,B35,B37,B38,B41,B42,B45,B46",0.88,0.87,0.84,0.17,0.18,0.93,0.93,2,0,-152.27,0.45,0.74,0.68,-60.47,1743.47,-3.47,46.13,50.0,20,3,15.0,5.0,25.0,83.33,0.0,16.67,66.13,0.0,33.87,"{'A': 2, 'C': 0, 'D': 0, 'E': 1, 'F': 4, 'G': 0, 'H': 3, 'I': 1, 'K': 2, 'L': 0, 'M': 0, 'N': 0, 'P': 0, 'Q': 0, 'R': 0, 'S': 1, 'T': 3, 'V': 1, 'W': 0, 'Y': 2}",0.28
PDL1_l57_s950667,4stage,57,950667,-0.3,A,PFGPPTKREMMYALRRLIGVKRRYIRRNRDRIPPDDLRRSKKALRVLEEQSEEVRNG,"B1,B2,B3,B4,B5,B6,B9,B10,B12,B13,B14,B16,B17,B20,B21,B23,B24,B27,B32,B33,B36,B39,B40,B43,B46,B47,B50",0.93,0.89,0.88,0.13,0.15,0.91,0.96,1,0,-152.54,0.38,0.62,0.59,-62.91,2221.41,-2.83,55.01,59.26,27,9,33.33,4.0,14.81,75.0,0.0,25.0,82.46,0.0,17.54,"{'A': 2, 'C': 0, 'D': 1, 'E': 1, 'F': 1, 'G': 1, 'H': 0, 'I': 1, 'K': 1, 'L': 3, 'M': 1, 'N': 0, 'P': 4, 'Q': 1, 'R': 4, 'S': 1, 'T': 1, 'V': 2, 'W': 0, 'Y': 2}",0.28
PDL1_l58_s996764,4stage,58,996764,-0.3,A,SAQIKDVERGFVKMRDEMPPRSVYWFGRLMVKQRRWNKIPLEEFPELKRFMRKHHDIS,"B3,B6,B7,B9,B10,B11,B13,B14,B17,B18,B19,B21,B22,B23,B25,B26,B28,B29,B30,B32,B33,B36,B37",0.87,0.88,0.84,0.16,0.18,0.9,0.9,1,0,-123.35,0.35,0.73,0.58,-67.31,2050.35,-3.28,57.09,47.83,23,10,43.48,2.0,8.7,88.24,0.0,11.76,81.03,0.0,18.97,"{'A': 0, 'C': 0, 'D': 1, 'E': 1, 'F': 2, 'G': 1, 'H': 0, 'I': 0, 'K': 2, 'L': 1, 'M': 3, 'N': 1, 'P': 1, 'Q': 2, 'R': 3, 'S': 1, 'T': 0, 'V': 2, 'W': 2, 'Y': 0}",0.32
PDL1_l55_s620696,4stage,55,620696,-0.3,A,TAKVPAYDRAVNSEHPDMMVERFWQAIHEMMKNDMITSDMQHDDFQEKVWEIVQQ,"B7,B8,B20,B21,B23,B24,B27,B28,B31,B34,B36,B37,B38,B39,B40,B41,B42,B45,B46",0.93,0.88,0.88,0.13,0.16,0.95,0.95,1,0,-140.0,0.37,0.61,0.63,-51.95,1675.49,-3.1,48.02,47.37,19,5,26.32,5.0,26.32,62.5,0.0,37.5,63.64,0.0,36.36,"{'A': 0, 'C': 0, 'D': 3, 'E': 1, 'F': 2, 'G': 0, 'H': 2, 'I': 2, 'K': 0, 'L': 0, 'M': 2, 'N': 0, 'P': 0, 'Q': 2, 'R': 0, 'S': 1, 'T': 1, 'V': 1, 'W': 1, 'Y': 1}",0.34
PDL1_l58_s948232,4stage,58,948232,-0.3,A,SDLRSRTPRDIEMELMVEILQRTPERPFQVFEMFMSIPKRERIRAMRAYLRDLDRAAG,"B4,B7,B9,B10,B13,B14,B16,B17,B20,B21,B27,B28,B31,B32,B35,B39",0.89,0.86,0.81,0.18,0.2,0.93,0.94,11,0,-124.82,0.46,0.68,0.58,-46.93,1662.27,-2.82,41.92,50.0,16,4,25.0,3.0,18.75,92.86,0.0,7.14,74.14,0.0,25.86,"{'A': 0, 'C': 0, 'D': 1, 'E': 2, 'F': 2, 'G': 0, 'H': 0, 'I': 0, 'K': 1, 'L': 1, 'M': 3, 'N': 0, 'P': 1, 'Q': 1, 'R': 2, 'S': 0, 'T': 1, 'V': 1, 'W': 0, 'Y': 0}",0.31
PDL1_l60_s32771,4stage,60,32771,-0.3,A,MLTVGQRMRMATWKHVRLMRTVRKSAKSEGEYRIRTVAVTDWYRHTMKKLEREEDRGGKG,"B8,B12,B15,B16,B19,B20,B23,B32,B33,B36,B37,B40,B43,B44,B47,B48,B51,B52,B55",0.86,0.83,0.73,0.17,0.2,0.87,0.88,11,0,-114.41,0.36,0.59,0.64,-37.77,1796.33,-2.1,42.55,36.84,19,9,47.37,3.0,15.79,100.0,0.0,0.0,85.0,0.0,15.0,"{'A': 0, 'C': 0, 'D': 1, 'E': 1, 'F': 0, 'G': 0, 'H': 1, 'I': 0, 'K': 1, 'L': 0, 'M': 3, 'N': 0, 'P': 0, 'Q': 0, 'R': 5, 'S': 0, 'T': 3, 'V': 2, 'W': 0, 'Y': 2}",1.19
PDL1_l55_s234913,4stage,55,234913,-0.3,A,SKARRDKTWLQLVVQNMKYLGRSRPEIKAQVAAFQRRQGVKVPPGMTVEEIIEEV,"B1,B4,B5,B8,B9,B12,B13,B15,B16,B17,B19,B20,B22,B34,B37,B38,B40",0.95,0.88,0.86,0.12,0.15,0.93,0.96,3,0,-138.89,0.39,0.63,0.67,-40.61,1676.64,-2.42,53.07,47.06,17,7,41.18,5.0,29.41,85.71,0.0,14.29,72.73,0.0,27.27,"{'A': 0, 'C': 0, 'D': 0, 'E': 0, 'F': 1, 'G': 0, 'H': 0, 'I': 0, 'K': 0, 'L': 2, 'M': 1, 'N': 1, 'P': 0, 'Q': 2, 'R': 4, 'S': 1, 'T': 1, 'V': 2, 'W': 1, 'Y': 1}",0.39
PDL1_l62_s902713,4stage,62,902713,-0.3,A,STLPAYTVREKEHMIHVAESLMRKVYRKGKETGDMKGTKKALRGLEQLRRKLKVEVKRMRQG,"B1,B3,B4,B5,B6,B7,B10,B11,B13,B14,B17,B18,B21,B24,B25,B28,B29,B32,B34,B37,B38,B40,B41,B42,B44,B45,B47,B48,B52",0.94,0.91,0.88,0.12,0.13,0.92,0.96,2,0,-145.89,0.34,0.72,0.68,-66.88,2486.11,-2.69,58.14,48.28,29,7,24.14,6.0,20.69,76.92,0.0,23.08,83.87,0.0,16.13,"{'A': 3, 'C': 0, 'D': 1, 'E': 1, 'F': 0, 'G': 3, 'H': 1, 'I': 0, 'K': 4, 'L': 6, 'M': 1, 'N': 0, 'P': 1, 'Q': 1, 'R': 0, 'S': 1, 'T': 3, 'V': 2, 'W': 0, 'Y': 1}",1.18
PDL1_l62_s235229,4stage,62,235229,-0.3,A,MRKTIRVSEIYHRWRSMKGRVKKKAKREHWTDDDYDIRMQRKMRRFVWDVGGHTKNRDPGTR,"B2,B7,B8,B10,B11,B14,B18,B32,B33,B35,B36,B37,B39,B40,B43,B44,B46,B47,B48,B50,B51,B53,B57,B59",0.77,0.8,0.7,0.25,0.28,0.76,0.85,9,0,-116.96,0.3,0.71,0.64,-65.77,2146.84,-3.06,45.78,54.17,24,8,33.33,3.0,12.5,73.68,0.0,26.32,64.52,0.0,35.48,"{'A': 0, 'C': 0, 'D': 3, 'E': 0, 'F': 1, 'G': 1, 'H': 1, 'I': 2, 'K': 1, 'L': 0, 'M': 2, 'N': 0, 'P': 1, 'Q': 1, 'R': 3, 'S': 1, 'T': 0, 'V': 3, 'W': 2, 'Y': 2}",0.95
PDL1_l55_s296633,4stage,55,296633,-0.3,A,DHQIIEKDIRFMERVLAWLVEVVRKYPNQTAKERTAVTDMYEYAEVVRTRLIAEM,"B4,B7,B8,B10,B11,B12,B14,B15,B18,B19,B22,B25,B26,B29,B30,B32,B33,B35,B36,B37,B39,B40,B43,B44,B47,B51",0.95,0.89,0.9,0.11,0.13,0.96,0.96,10,0,-143.59,0.41,0.74,0.73,-75.31,2177.1,-3.46,63.63,57.69,26,15,57.69,4.0,15.38,90.0,0.0,10.0,87.27,0.0,12.73,"{'A': 2, 'C': 0, 'D': 2, 'E': 1, 'F': 1, 'G': 0, 'H': 0, 'I': 1, 'K': 3, 'L': 2, 'M': 2, 'N': 0, 'P': 0, 'Q': 1, 'R': 2, 'S': 0, 'T': 2, 'V': 4, 'W': 1, 'Y': 2}",0.48
PDL1_l65_s743533,4stage,65,743533,-0.3,A,EVYVTGPMPVEDQRPFVERMVGEFRRSFVRKHGRMTDWERRRLHQIANDLEGKVRKEEKKEWRRR,"B1,B3,B4,B5,B6,B7,B8,B9,B12,B13,B16,B17,B19,B20,B23,B24,B27,B28,B30,B31,B38,B39,B42,B46,B49,B50,B53,B54",0.86,0.86,0.82,0.17,0.18,0.83,0.9,19,0,-146.33,0.33,0.67,0.68,-62.55,2361.32,-2.65,49.87,50.0,28,10,35.71,9.0,32.14,69.23,0.0,30.77,78.46,0.0,21.54,"{'A': 0, 'C': 0, 'D': 2, 'E': 3, 'F': 3, 'G': 1, 'H': 0, 'I': 1, 'K': 2, 'L': 1, 'M': 2, 'N': 0, 'P': 2, 'Q': 1, 'R': 3, 'S': 1, 'T': 1, 'V': 3, 'W': 1, 'Y': 1}",0.33
PDL1_l65_s418390,4stage,65,418390,-0.3,A,PSKEDEEMNKMSRIFYVVEEFMRRGPTPREVNRVIRRLARENALDVNKVWAFMRHYGSGYPAMSS,"B2,B5,B8,B9,B12,B13,B15,B16,B52,B55,B56,B57",0.86,0.84,0.79,0.19,0.21,0.9,0.93,1,0,-166.78,0.3,0.72,0.61,-34.65,1108.84,-3.12,27.12,41.67,12,5,41.67,1.0,8.33,90.91,0.0,9.09,69.23,0.0,30.77,"{'A': 0, 'C': 0, 'D': 1, 'E': 0, 'F': 2, 'G': 1, 'H': 1, 'I': 0, 'K': 0, 'L': 0, 'M': 1, 'N': 1, 'P': 0, 'Q': 0, 'R': 1, 'S': 2, 'T': 0, 'V': 0, 'W': 0, 'Y': 2}",0.29
PDL1_l55_s918032,4stage,55,918032,-0.3,A,PAHRDPFEVYRDDMAREVEHRKRNGINDPAVAREAQDRIFKKFLKMRGTKWPNVS,"B5,B7,B8,B10,B11,B14,B18,B21,B33,B36,B37,B40,B43,B44,B47,B49,B50,B51,B52,B53,B54,B55",0.91,0.89,0.86,0.15,0.16,0.9,0.95,3,0,-147.38,0.37,0.73,0.71,-66.68,1991.49,-3.35,51.51,45.45,22,11,50.0,1.0,4.55,61.9,0.0,38.1,67.27,0.0,32.73,"{'A': 0, 'C': 0, 'D': 2, 'E': 1, 'F': 3, 'G': 0, 'H': 0, 'I': 0, 'K': 1, 'L': 1, 'M': 1, 'N': 1, 'P': 1, 'Q': 1, 'R': 4, 'S': 1, 'T': 1, 'V': 2, 'W': 1, 'Y': 1}",0.31
PDL1_l60_s597648,4stage,60,597648,-0.3,A,GLRRAMEMKLNDWIVVQLNRMQRALKGHGPGNEPAHDRYMEALVTEVNRRYAEIDAVMAG,"B3,B4,B7,B8,B11,B12,B14,B15,B18,B19,B22,B25,B26,B27,B28,B29,B30,B33,B36,B37,B40,B41,B43,B44,B47,B48,B51",0.91,0.89,0.87,0.14,0.16,0.9,0.94,5,0,-124.2,0.53,0.69,0.68,-70.34,2225.07,-3.16,61.1,40.74,27,10,37.04,8.0,29.63,87.5,0.0,12.5,85.0,0.0,15.0,"{'A': 0, 'C': 0, 'D': 2, 'E': 3, 'F': 0, 'G': 2, 'H': 2, 'I': 1, 'K': 1, 'L': 3, 'M': 2, 'N': 3, 'P': 1, 'Q': 1, 'R': 2, 'S': 0, 'T': 0, 'V': 3, 'W': 0, 'Y': 1}",0.4
PDL1_l58_s25614,4stage,58,25614,-0.3,A,SEFQRRFARMVKESAQDPHASALVKEGMWEFSERRQWGMDFEVAWREVHERTYQRVYG,"B4,B5,B7,B8,B11,B12,B14,B15,B16,B21,B24,B25,B28,B29,B31,B32,B35,B36,B38,B41,B42,B45,B49",0.95,0.89,0.89,0.12,0.14,0.94,0.95,3,0,-144.82,0.36,0.77,0.66,-55.05,2031.03,-2.71,60.18,43.48,23,5,21.74,5.0,21.74,94.44,0.0,5.56,84.48,0.0,15.52,"{'A': 2, 'C': 0, 'D': 0, 'E': 1, 'F': 3, 'G': 1, 'H': 1, 'I': 0, 'K': 2, 'L': 0, 'M': 1, 'N': 0, 'P': 0, 'Q': 3, 'R': 2, 'S': 3, 'T': 0, 'V': 2, 'W': 2, 'Y': 0}",0.34
PDL1_l59_s978429,4stage,59,978429,-0.3,A,TVAELRHELRRLKHEWRWLSWIMHMASHRDDPAEIIDVLDQMRAVNIRWARVDEAIRAA,"B16,B23,B24,B26,B27,B28,B30,B32,B35,B36,B39,B40,B42,B43,B46,B47,B49,B50",0.92,0.83,0.79,0.14,0.17,0.9,0.93,10,0,-140.35,0.37,0.65,0.63,-45.63,1709.37,-2.67,44.87,61.11,18,5,27.78,7.0,38.89,94.12,0.0,5.88,91.53,0.0,8.47,"{'A': 2, 'C': 0, 'D': 2, 'E': 0, 'F': 0, 'G': 0, 'H': 2, 'I': 3, 'K': 0, 'L': 1, 'M': 2, 'N': 1, 'P': 1, 'Q': 0, 'R': 1, 'S': 1, 'T': 0, 'V': 0, 'W': 2, 'Y': 0}",0.41
PDL1_l61_s155161,4stage,61,155161,-0.3,A,MKPQIEVWNKFRSNHYTHDDNEFPVYFLVWVESYYAFRDTGQPFPTTETLLERVKEELQRR,"B1,B4,B5,B8,B9,B12,B18,B20,B23,B24,B27,B28,B30,B31,B34,B35,B38",0.83,0.82,0.72,0.19,0.23,0.78,0.85,30,0,-139.54,0.38,0.67,0.64,-42.91,1628.41,-2.64,43.35,64.71,17,7,41.18,4.0,23.53,75.0,0.0,25.0,73.77,0.0,26.23,"{'A': 0, 'C': 0, 'D': 1, 'E': 0, 'F': 2, 'G': 0, 'H': 1, 'I': 1, 'K': 0, 'L': 1, 'M': 1, 'N': 1, 'P': 1, 'Q': 1, 'R': 2, 'S': 0, 'T': 0, 'V': 1, 'W': 2, 'Y': 2}",0.34
PDL1_l63_s539938,4stage,63,539938,-0.3,A,DPDRRFIMNVYRWMKNYEYYEKHDPEFQKRHPNHVKRKFPHSPMEVMTQLQENSGHPPIEPPD,"B2,B3,B5,B6,B7,B9,B10,B13,B14,B17,B21,B27,B30,B31,B33,B34,B37,B38,B39,B40,B41,B46,B49,B50,B53,B54",0.85,0.88,0.84,0.17,0.18,0.86,0.88,10,0,-147.39,0.37,0.67,0.61,-61.45,2338.41,-2.63,58.61,46.15,26,10,38.46,4.0,15.38,72.0,0.0,28.0,69.84,0.0,30.16,"{'A': 0, 'C': 0, 'D': 1, 'E': 1, 'F': 3, 'G': 0, 'H': 3, 'I': 1, 'K': 1, 'L': 1, 'M': 1, 'N': 3, 'P': 2, 'Q': 1, 'R': 3, 'S': 1, 'T': 0, 'V': 2, 'W': 1, 'Y': 1}",0.46
PDL1_l62_s130917,4stage,62,130917,-0.3,A,GEERREVRWWIRKFQKLVAYKRERMRTGDTTGPYINHTPEHVSGYKMAVERFKVKLAILDAG,"B3,B6,B7,B9,B10,B13,B14,B17,B21,B31,B32,B33,B34,B35,B36,B40,B41,B44,B45,B47,B48,B51,B52,B55",0.93,0.9,0.88,0.12,0.14,0.92,0.96,6,0,-136.19,0.4,0.64,0.64,-59.4,2256.88,-2.63,58.73,50.0,24,9,37.5,10.0,41.67,77.27,0.0,22.73,79.03,0.0,20.97,"{'A': 1, 'C': 0, 'D': 0, 'E': 3, 'F': 2, 'G': 2, 'H': 1, 'I': 1, 'K': 3, 'L': 1, 'M': 1, 'N': 1, 'P': 1, 'Q': 0, 'R': 1, 'S': 0, 'T': 1, 'V': 1, 'W': 2, 'Y': 2}",0.25
PDL1_l63_s327095,4stage,63,327095,-0.3,A,MYIVHDGNRVYVIYTNEEMDTFFLIITMDDKKNVISYRYDMFRRGDQREVKRVYREVVAQIRS,"B2,B4,B5,B6,B7,B9,B11,B13,B15,B19,B21,B23,B25,B38,B40,B41,B42,B43",0.89,0.84,0.76,0.17,0.21,0.87,0.91,12,0,-202.23,0.29,0.73,0.7,-62.25,1699.46,-3.66,43.95,50.0,18,12,66.67,4.0,22.22,0.0,88.24,11.76,23.81,46.03,30.16,"{'A': 0, 'C': 0, 'D': 2, 'E': 0, 'F': 2, 'G': 1, 'H': 1, 'I': 2, 'K': 0, 'L': 0, 'M': 2, 'N': 0, 'P': 0, 'Q': 0, 'R': 3, 'S': 0, 'T': 2, 'V': 1, 'W': 0, 'Y': 2}",0.25
PDL1_l63_s529043,4stage,63,529043,-0.3,A,SAPGEAYHVFTALMPVPRPDPASGGPIVVPEEKEYRIPLSLSPHAMAMRLHAVMREAEKNEAP,"B8,B9,B10,B11,B12,B13,B15,B32,B37,B39,B43,B44,B46,B47,B48,B50,B51,B54,B55,B57,B58,B61",0.88,0.86,0.83,0.2,0.22,0.93,0.93,5,0,-163.36,0.62,0.66,0.63,-50.82,1767.8,-2.87,42.66,63.64,22,9,40.91,6.0,27.27,62.5,31.25,6.25,30.16,41.27,28.57,"{'A': 3, 'C': 0, 'D': 0, 'E': 3, 'F': 1, 'G': 0, 'H': 3, 'I': 1, 'K': 0, 'L': 3, 'M': 3, 'N': 0, 'P': 2, 'Q': 0, 'R': 1, 'S': 0, 'T': 1, 'V': 1, 'W': 0, 'Y': 0}",0.24
PDL1_l58_s182010,4stage,58,182010,-0.3,A,GTAMKLQKGVVALRRILKKLKKEYVTAPPHEKKELGRDVRFMRQMVYIVTKAYRDYMN,"B2,B5,B6,B8,B9,B12,B13,B16,B20,B34,B37,B38,B40,B41,B42,B45,B48,B49,B52,B55,B56",0.96,0.89,0.89,0.11,0.14,0.97,0.97,7,0,-146.09,0.36,0.75,0.7,-64.22,1867.16,-3.44,49.14,57.14,21,7,33.33,3.0,14.29,100.0,0.0,0.0,93.1,0.0,6.9,"{'A': 2, 'C': 0, 'D': 2, 'E': 1, 'F': 1, 'G': 1, 'H': 0, 'I': 2, 'K': 2, 'L': 3, 'M': 2, 'N': 0, 'P': 0, 'Q': 0, 'R': 2, 'S': 0, 'T': 1, 'V': 1, 'W': 0, 'Y': 1}",0.35
PDL1_l59_s461814,4stage,59,461814,-0.3,A,SQNLKHDRVMEVLVRRMQRIHRKQKRDNTKIAPTSQEFSEMYRESKREVKAQQLQGSII,"B3,B6,B7,B10,B11,B13,B14,B17,B18,B21,B25,B30,B31,B32,B33,B34,B35,B38,B39,B42,B46",0.9,0.9,0.87,0.15,0.15,0.94,0.94,2,0,-116.19,0.28,0.75,0.7,-62.74,2082.1,-3.01,47.93,42.86,21,8,38.1,5.0,23.81,77.27,0.0,22.73,79.66,0.0,20.34,"{'A': 1, 'C': 0, 'D': 1, 'E': 1, 'F': 1, 'G': 0, 'H': 2, 'I': 1, 'K': 3, 'L': 1, 'M': 2, 'N': 1, 'P': 1, 'Q': 1, 'R': 0, 'S': 2, 'T': 1, 'V': 1, 'W': 0, 'Y': 1}",1.21
PDL1_l64_s323425,4stage,64,323425,-0.3,A,SRLRRKVDEVTDQVQEVWHEFYPIGSDKANPGMTLDRAAKRSERVWRELMSPRERKEVRSNTPK,"B4,B7,B8,B11,B12,B14,B15,B18,B19,B21,B22,B24,B25,B26,B27,B28,B29,B35,B36,B38,B39,B42,B43,B46,B55,B56,B58,B59,B60,B61,B62,B63",0.9,0.87,0.84,0.15,0.17,0.87,0.94,37,0,-155.33,0.31,0.64,0.62,-75.05,2758.83,-2.72,65.95,40.62,32,12,37.5,7.0,21.88,73.08,0.0,26.92,68.75,0.0,31.25,"{'A': 3, 'C': 0, 'D': 4, 'E': 1, 'F': 1, 'G': 1, 'H': 1, 'I': 1, 'K': 2, 'L': 1, 'M': 0, 'N': 1, 'P': 1, 'Q': 1, 'R': 3, 'S': 3, 'T': 2, 'V': 3, 'W': 2, 'Y': 1}",0.93
PDL1_l61_s598908,4stage,61,598908,-0.3,A,PMTPDQRRVRRATIVVVNRMAVAMRGMDRPGGDVPAYRARWEVANARLQRLVREYKVLAGR,"B2,B9,B10,B13,B14,B17,B18,B20,B21,B24,B25,B27,B28,B41,B45,B48,B49,B51,B52,B55,B56,B61",0.96,0.9,0.9,0.11,0.13,0.96,0.97,1,0,-156.15,0.54,0.69,0.69,-57.1,1964.2,-2.91,50.75,59.09,22,9,40.91,5.0,22.73,90.0,0.0,10.0,81.97,0.0,18.03,"{'A': 1, 'C': 0, 'D': 1, 'E': 0, 'F': 0, 'G': 0, 'H': 0, 'I': 1, 'K': 1, 'L': 2, 'M': 4, 'N': 2, 'P': 0, 'Q': 1, 'R': 3, 'S': 0, 'T': 1, 'V': 3, 'W': 1, 'Y': 1}",0.33
PDL1_l61_s211713,4stage,61,211713,-0.3,A,PEPSVRQWKKYMDKMQKARTRSEVKEAMRMAATVPPNTWMGRFADIVARSAAVRYENRMRS,"B5,B8,B9,B12,B13,B16,B17,B39,B42,B43,B46,B47,B50,B53,B54",0.89,0.87,0.84,0.14,0.17,0.9,0.91,0,0,-145.51,0.33,0.66,0.67,-39.43,1545.16,-2.55,40.29,53.33,15,6,40.0,3.0,20.0,92.86,0.0,7.14,75.41,0.0,24.59,"{'A': 0, 'C': 0, 'D': 1, 'E': 0, 'F': 1, 'G': 0, 'H': 0, 'I': 1, 'K': 2, 'L': 0, 'M': 1, 'N': 0, 'P': 0, 'Q': 1, 'R': 2, 'S': 1, 'T': 0, 'V': 3, 'W': 2, 'Y': 0}",0.33
PDL1_l58_s842242,4stage,58,842242,-0.3,A,SSDRLSPWGERWKEVAMESNAWRKQTGTRDKREAWKYYVKVSKKKHPEILEEMHVVYS,"B1,B2,B3,B4,B5,B6,B8,B9,B12,B13,B16,B17,B19,B20,B23,B24,B29,B30,B31,B34,B35,B38,B52,B53,B54",0.86,0.87,0.83,0.16,0.18,0.85,0.92,19,0,-132.91,0.34,0.66,0.7,-61.34,2471.98,-2.48,65.39,36.0,25,10,40.0,7.0,28.0,66.67,0.0,33.33,70.69,0.0,29.31,"{'A': 2, 'C': 0, 'D': 2, 'E': 1, 'F': 0, 'G': 1, 'H': 1, 'I': 0, 'K': 3, 'L': 1, 'M': 2, 'N': 1, 'P': 0, 'Q': 0, 'R': 3, 'S': 4, 'T': 0, 'V': 0, 'W': 3, 'Y': 1}",0.36
PDL1_l61_s16841,4stage,61,16841,-0.3,A,KPTNDEVDRVFKKSFMKVHRVHMSSMDSRKNKGVIMGALRVHQREVRRAHGHPEYPEDEDI,"B1,B4,B5,B7,B8,B11,B12,B15,B16,B18,B19,B22,B23,B25,B26,B32,B35,B36,B39,B40,B42,B43,B46,B47,B50,B52,B58,B59,B60,B61",0.81,0.85,0.82,0.22,0.22,0.82,0.89,16,1,-121.58,0.4,0.69,0.69,-80.42,2788.17,-2.88,74.71,40.0,30,15,50.0,10.0,33.33,75.0,0.0,25.0,68.85,0.0,31.15,"{'A': 0, 'C': 0, 'D': 4, 'E': 1, 'F': 2, 'G': 0, 'H': 5, 'I': 2, 'K': 3, 'L': 1, 'M': 4, 'N': 1, 'P': 0, 'Q': 1, 'R': 2, 'S': 1, 'T': 0, 'V': 3, 'W': 0, 'Y': 0}",0.39
PDL1_l55_s326836,4stage,55,326836,-0.3,A,SRVLTPQERQRWLKEDRRALRKLKAWNTKNQHTEPHMHRFRQSIENHHEEYEQGD,"B2,B11,B12,B15,B16,B18,B19,B22,B23,B36,B37,B39,B40,B43,B44,B47,B51",0.81,0.82,0.72,0.21,0.23,0.85,0.85,7,0,-115.55,0.17,0.54,0.61,-36.34,1726.07,-2.11,42.54,41.18,17,9,52.94,1.0,5.88,93.33,0.0,6.67,78.18,0.0,21.82,"{'A': 1, 'C': 0, 'D': 1, 'E': 1, 'F': 1, 'G': 0, 'H': 2, 'I': 1, 'K': 1, 'L': 1, 'M': 1, 'N': 0, 'P': 0, 'Q': 0, 'R': 4, 'S': 1, 'T': 0, 'V': 0, 'W': 1, 'Y': 1}",0.32
PDL1_l61_s311299,4stage,61,311299,-0.3,A,MMTPQAVVDQYVTMAETGDRRFVKRFATKFRGVFGDSPRGKIFREAEERIDAQDAAREGRP,"B1,B2,B7,B10,B11,B14,B18,B19,B22,B23,B25,B26,B29,B30,B33,B34,B39,B43",0.91,0.88,0.83,0.14,0.16,0.93,0.93,7,0,-141.37,0.4,0.76,0.7,-55.79,1791.17,-3.11,49.35,66.67,18,6,33.33,2.0,11.11,81.25,0.0,18.75,80.33,0.0,19.67,"{'A': 0, 'C': 0, 'D': 1, 'E': 0, 'F': 5, 'G': 1, 'H': 0, 'I': 0, 'K': 1, 'L': 0, 'M': 3, 'N': 0, 'P': 0, 'Q': 1, 'R': 2, 'S': 0, 'T': 0, 'V': 3, 'W': 0, 'Y': 1}",1.18
PDL1_l58_s840741,4stage,58,840741,-0.3,A,DPMTPGDVHAMRHGYALVIRSKDEVANGQVNLSPKERVNVVARHENAVGEMEVMLDNA,"B1,B3,B4,B6,B7,B9,B10,B11,B13,B14,B15,B17,B18,B21,B24,B25,B30,B32,B40,B43,B44,B46,B47,B50,B51,B54",0.94,0.9,0.89,0.11,0.13,0.93,0.95,0,0,-148.82,0.44,0.66,0.68,-60.14,2030.66,-2.96,58.19,50.0,26,10,38.46,1.0,3.85,80.0,0.0,20.0,77.59,0.0,22.41,"{'A': 2, 'C': 0, 'D': 2, 'E': 2, 'F': 0, 'G': 2, 'H': 3, 'I': 0, 'K': 0, 'L': 2, 'M': 4, 'N': 1, 'P': 0, 'Q': 0, 'R': 1, 'S': 1, 'T': 1, 'V': 4, 'W': 0, 'Y': 1}",1.14
PDL1_l63_s29136,4stage,63,29136,-0.3,A,KSRYPLGEHFVRLSRVMSYFSKTDRGMEELMRRMNKIHPIAKENGVDVLDLMFEDAEWVMAND,"B2,B6,B9,B10,B13,B14,B17,B21,B24,B27,B28,B31,B34,B35,B38,B42,B47,B49,B52",0.93,0.89,0.88,0.12,0.15,0.93,0.94,11,0,-137.55,0.41,0.69,0.6,-48.83,1672.88,-2.92,41.82,47.37,19,8,42.11,3.0,15.79,77.78,0.0,22.22,79.37,0.0,20.63,"{'A': 0, 'C': 0, 'D': 2, 'E': 1, 'F': 1, 'G': 0, 'H': 2, 'I': 0, 'K': 1, 'L': 3, 'M': 5, 'N': 1, 'P': 0, 'Q': 0, 'R': 0, 'S': 3, 'T': 0, 'V': 0, 'W': 0, 'Y': 0}",0.34
PDL1_l61_s880317,4stage,61,880317,-0.3,A,PVTWAELMAIVKRYRRDPTMNHVQLFMDMMSVAKDTDDRQMAFRVFSKEVNEEQARDDPFD,"B22,B23,B26,B27,B30,B36,B39,B40,B43,B46,B47,B50,B51,B54,B55,B57,B58,B60,B61",0.91,0.88,0.85,0.15,0.17,0.87,0.94,7,0,-141.55,0.34,0.62,0.69,-44.58,1893.28,-2.35,51.43,47.37,19,7,36.84,3.0,15.79,80.0,0.0,20.0,75.41,0.0,24.59,"{'A': 1, 'C': 0, 'D': 3, 'E': 0, 'F': 4, 'G': 0, 'H': 1, 'I': 0, 'K': 0, 'L': 0, 'M': 2, 'N': 1, 'P': 0, 'Q': 2, 'R': 1, 'S': 1, 'T': 1, 'V': 2, 'W': 0, 'Y': 0}",0.31
PDL1_l57_s604411,4stage,57,604411,-0.3,A,KTWTYNEMWTKMAKIYWQHHRKNKDKKVDIHFSTTREEMRKEYVALMERVGQKIVDP,"B5,B6,B9,B10,B13,B14,B16,B17,B20,B21,B24,B27,B30,B31,B32,B33,B34",0.84,0.84,0.78,0.18,0.21,0.84,0.87,2,0,-142.92,0.27,0.72,0.66,-42.09,1718.74,-2.45,46.49,41.18,17,4,23.53,6.0,35.29,61.54,0.0,38.46,57.89,0.0,42.11,"{'A': 1, 'C': 0, 'D': 0, 'E': 0, 'F': 1, 'G': 0, 'H': 2, 'I': 1, 'K': 3, 'L': 0, 'M': 0, 'N': 1, 'P': 0, 'Q': 0, 'R': 1, 'S': 1, 'T': 2, 'V': 0, 'W': 2, 'Y': 2}",0.35
PDL1_l55_s330078,4stage,55,330078,-0.3,A,SWDDWEQRVRKMDTSAKRSMIRFARLMIYTEHRAGRNQKMITSLRELIVELKEQM,"B1,B2,B5,B8,B9,B12,B16,B19,B20,B22,B23,B26,B27,B29,B30,B31,B33,B34,B36",0.91,0.86,0.82,0.14,0.17,0.88,0.92,6,0,-125.08,0.24,0.66,0.68,-41.28,1761.54,-2.34,52.0,57.89,19,3,15.79,4.0,21.05,76.47,0.0,23.53,85.45,0.0,14.55,"{'A': 2, 'C': 0, 'D': 0, 'E': 1, 'F': 1, 'G': 0, 'H': 0, 'I': 0, 'K': 0, 'L': 1, 'M': 3, 'N': 0, 'P': 0, 'Q': 0, 'R': 4, 'S': 2, 'T': 1, 'V': 1, 'W': 2, 'Y': 1}",0.27
PDL1_l60_s903359,4stage,60,903359,-0.3,A,SEQQEMKEHIMEAVEHLMPILGDPNLPPDDTRFLRRAIRSMLSRIDGWTPAMIDAYLSKV,"B2,B5,B6,B9,B10,B13,B16,B17,B20,B26,B27,B29,B30,B33,B34,B36,B37,B40,B41,B44",0.94,0.87,0.86,0.13,0.16,0.94,0.95,8,0,-163.41,0.36,0.66,0.65,-56.13,1775.74,-3.16,51.51,55.0,20,7,35.0,2.0,10.0,84.21,0.0,15.79,71.67,0.0,28.33,"{'A': 2, 'C': 0, 'D': 2, 'E': 2, 'F': 1, 'G': 0, 'H': 2, 'I': 2, 'K': 0, 'L': 3, 'M': 2, 'N': 0, 'P': 1, 'Q': 0, 'R': 2, 'S': 1, 'T': 0, 'V': 0, 'W': 0, 'Y': 0}",0.46
PDL1_l55_s299425,4stage,55,299425,-0.3,A,SPASEKRMDEFVRELGPATKKYMTLRNGPEWQKDPEKIQADYRKVEVRVLGRMHP,"B1,B4,B5,B7,B8,B9,B11,B12,B15,B16,B19,B20,B22,B23,B26,B27,B39,B42,B43,B46,B50,B53,B54",0.89,0.87,0.84,0.15,0.17,0.88,0.92,11,0,-120.21,0.41,0.64,0.62,-54.14,2036.02,-2.66,56.04,39.13,23,8,34.78,3.0,13.04,83.33,0.0,16.67,85.45,0.0,14.55,"{'A': 0, 'C': 0, 'D': 1, 'E': 2, 'F': 1, 'G': 1, 'H': 1, 'I': 0, 'K': 1, 'L': 2, 'M': 3, 'N': 1, 'P': 0, 'Q': 1, 'R': 3, 'S': 2, 'T': 1, 'V': 1, 'W': 0, 'Y': 2}",0.34
PDL1_l59_s262841,4stage,59,262841,-0.3,A,QMHWMERFINLMITSARRRPHLKPRQKDIRVKRLRKMRREVRKNGPPDIVDWSDVYKIE,"B1,B4,B5,B7,B8,B11,B12,B14,B15,B18,B19,B20,B21,B30,B48,B49,B50,B52,B56",0.87,0.85,0.8,0.17,0.2,0.88,0.91,2,1,-149.85,0.32,0.69,0.69,-47.06,1565.52,-3.01,40.38,52.63,19,6,31.58,3.0,15.79,63.64,0.0,36.36,67.8,0.0,32.2,"{'A': 0, 'C': 0, 'D': 1, 'E': 0, 'F': 1, 'G': 0, 'H': 1, 'I': 1, 'K': 0, 'L': 1, 'M': 2, 'N': 0, 'P': 1, 'Q': 1, 'R': 4, 'S': 1, 'T': 1, 'V': 1, 'W': 2, 'Y': 1}",0.29
PDL1_l63_s358105,4stage,63,358105,-0.3,A,SLMFPRYTRREKLMYSRLFDRHMKMMRPQMNRDVAKYGEEMYVVYFRMVVRRTHNEVERRKAG,"B2,B4,B5,B6,B7,B9,B12,B13,B15,B16,B17,B19,B20,B23,B27,B30,B31,B39,B40,B42,B43,B46,B47,B50",0.87,0.86,0.8,0.16,0.18,0.85,0.92,12,0,-133.86,0.47,0.65,0.7,-52.03,2134.07,-2.44,52.06,54.17,24,4,16.67,6.0,25.0,77.78,0.0,22.22,82.54,0.0,17.46,"{'A': 0, 'C': 0, 'D': 1, 'E': 2, 'F': 3, 'G': 0, 'H': 0, 'I': 0, 'K': 1, 'L': 2, 'M': 2, 'N': 1, 'P': 1, 'Q': 0, 'R': 5, 'S': 1, 'T': 0, 'V': 2, 'W': 0, 'Y': 3}",1.12
PDL1_l63_s219860,4stage,63,219860,-0.3,A,MNEREYARFKARMKRAFLTKDWARSRRLWHNLIRYYHRHRMKFEELVAKVAELSVMGYAIRKG,"B17,B22,B25,B26,B29,B30,B33,B34,B36,B37,B40,B43,B44,B46,B47,B50,B51,B54,B55,B58,B61,B62",0.94,0.89,0.88,0.11,0.14,0.93,0.95,8,0,-151.92,0.39,0.67,0.63,-63.64,2071.4,-3.07,53.61,54.55,22,11,50.0,6.0,27.27,100.0,0.0,0.0,84.13,0.0,15.87,"{'A': 1, 'C': 0, 'D': 0, 'E': 1, 'F': 2, 'G': 0, 'H': 2, 'I': 1, 'K': 1, 'L': 1, 'M': 0, 'N': 0, 'P': 0, 'Q': 0, 'R': 4, 'S': 2, 'T': 0, 'V': 3, 'W': 2, 'Y': 2}",0.31
PDL1_l65_s51842,4stage,65,51842,-0.3,A,SLEEYMSRRWNREIIELARSGLTVERKQRELSRLNERARRSGHRIHYTSETMYDVMEVHGVKPEN,"B28,B35,B38,B39,B44,B45,B46,B47,B48,B49,B52,B53,B55,B56,B59,B61,B62,B63,B64,B65",0.89,0.86,0.82,0.14,0.17,0.83,0.91,10,0,-154.77,0.3,0.67,0.69,-49.02,1700.07,-2.88,40.68,45.0,20,11,55.0,3.0,15.0,33.33,0.0,66.67,67.69,0.0,32.31,"{'A': 1, 'C': 0, 'D': 0, 'E': 1, 'F': 0, 'G': 0, 'H': 2, 'I': 1, 'K': 1, 'L': 0, 'M': 2, 'N': 2, 'P': 1, 'Q': 1, 'R': 2, 'S': 1, 'T': 1, 'V': 2, 'W': 0, 'Y': 2}",0.37
PDL1_l55_s626917,4stage,55,626917,-0.3,A,GEYERQRRTPPILKRMMRVVEEWHRRGEHTPDTNTWEKMPAKFRALRAELDELYG,"B5,B6,B7,B9,B10,B13,B14,B16,B17,B18,B20,B21,B23,B24,B25,B29,B31,B34,B35,B36,B39,B43,B47,B50,B51,B54",0.91,0.87,0.87,0.14,0.16,0.91,0.92,7,0,-126.57,0.38,0.54,0.66,-50.62,2188.04,-2.31,63.72,46.15,26,6,23.08,4.0,15.38,75.0,0.0,25.0,74.55,0.0,25.45,"{'A': 0, 'C': 0, 'D': 1, 'E': 1, 'F': 1, 'G': 0, 'H': 2, 'I': 0, 'K': 1, 'L': 2, 'M': 3, 'N': 1, 'P': 2, 'Q': 1, 'R': 5, 'S': 0, 'T': 2, 'V': 1, 'W': 2, 'Y': 1}",0.45
PDL1_l57_s790525,4stage,57,790525,-0.3,A,PPNVSQMSSETWMQYVAQIPPDEHYEVMARYFTSKGNMRFAHFYQKRTGKEMVPDAA,"B9,B10,B12,B13,B14,B16,B17,B21,B24,B25,B28,B32,B37,B39,B40,B43,B47",0.86,0.85,0.79,0.17,0.19,0.87,0.88,8,0,-129.03,0.4,0.65,0.67,-46.48,1858.37,-2.5,57.5,58.82,17,6,35.29,2.0,11.76,87.5,0.0,12.5,63.16,0.0,36.84,"{'A': 1, 'C': 0, 'D': 0, 'E': 1, 'F': 3, 'G': 0, 'H': 1, 'I': 0, 'K': 0, 'L': 0, 'M': 2, 'N': 1, 'P': 1, 'Q': 1, 'R': 2, 'S': 1, 'T': 0, 'V': 1, 'W': 1, 'Y': 1}",0.66
PDL1_l59_s427685,4stage,59,427685,-0.3,A,GDKAELKRLQSRFARAWHNQHTTMEEIYALVTQLHALARVMVAKGQMDPVNYKRDIFKW,"B13,B17,B18,B19,B20,B22,B23,B24,B25,B27,B28,B31,B32,B35,B39,B52,B53,B54,B57,B58,B59",0.94,0.88,0.86,0.12,0.15,0.9,0.95,4,0,-149.58,0.4,0.66,0.71,-59.57,2025.0,-2.94,55.92,42.86,21,9,42.86,5.0,23.81,70.59,0.0,29.41,69.49,0.0,30.51,"{'A': 0, 'C': 0, 'D': 0, 'E': 1, 'F': 2, 'G': 0, 'H': 2, 'I': 1, 'K': 2, 'L': 0, 'M': 1, 'N': 1, 'P': 0, 'Q': 1, 'R': 2, 'S': 0, 'T': 3, 'V': 1, 'W': 2, 'Y': 2}",0.27
PDL1_l61_s864469,4stage,61,864469,-0.3,A,MRKREVKKVYREMMGDGEVFRRVMNDRRELKELVRGMKQHGFQTRHGPSWRWFFELHVQMM,"B13,B14,B15,B16,B17,B20,B21,B24,B25,B45,B46,B49,B50,B52,B53,B56,B57,B60",0.89,0.85,0.81,0.16,0.19,0.88,0.93,37,0,-131.86,0.32,0.66,0.62,-40.15,1689.56,-2.38,44.16,50.0,18,4,22.22,3.0,16.67,88.24,0.0,11.76,77.05,0.0,22.95,"{'A': 0, 'C': 0, 'D': 1, 'E': 0, 'F': 2, 'G': 2, 'H': 2, 'I': 0, 'K': 0, 'L': 1, 'M': 4, 'N': 1, 'P': 0, 'Q': 0, 'R': 2, 'S': 1, 'T': 0, 'V': 0, 'W': 2, 'Y': 0}",0.27
PDL1_l63_s297333,4stage,63,297333,-0.3,A,KAIVNIQSPDKPTPEWMGQMVVKAKQVPKSRKAEHDFVNRYDLSPSDKQFLRLIVQEEQWRRQ,"B11,B12,B13,B14,B17,B18,B21,B44,B46,B47,B49,B50,B53,B54,B57,B60,B61",0.78,0.83,0.79,0.24,0.25,0.84,0.88,7,0,-132.78,0.32,0.75,0.64,-45.47,1621.23,-2.8,36.63,47.06,17,7,41.18,3.0,17.65,86.67,0.0,13.33,58.73,0.0,41.27,"{'A': 0, 'C': 0, 'D': 1, 'E': 1, 'F': 1, 'G': 1, 'H': 0, 'I': 1, 'K': 1, 'L': 1, 'M': 1, 'N': 0, 'P': 2, 'Q': 1, 'R': 1, 'S': 2, 'T': 1, 'V': 1, 'W': 1, 'Y': 0}",1.16
PDL1_l62_s89771,4stage,62,89771,-0.3,A,RMKISELPQKEQWRVQSMRTMKDLMTGNGYPGFTPHPSFREYLRKIYVERMKQLPARLKQLV,"B10,B13,B14,B16,B17,B18,B20,B21,B24,B30,B31,B32,B33,B34,B35,B36,B38,B39,B42,B43,B46,B50",0.89,0.85,0.79,0.17,0.2,0.87,0.9,2,0,-166.29,0.35,0.72,0.66,-56.08,2015.69,-2.78,52.17,54.55,22,7,31.82,5.0,22.73,63.16,0.0,36.84,67.74,0.0,32.26,"{'A': 0, 'C': 0, 'D': 0, 'E': 0, 'F': 2, 'G': 1, 'H': 1, 'I': 1, 'K': 1, 'L': 2, 'M': 2, 'N': 0, 'P': 2, 'Q': 1, 'R': 2, 'S': 2, 'T': 2, 'V': 0, 'W': 1, 'Y': 2}",0.44
PDL1_l56_s527101,4stage,56,527101,-0.3,A,GRTEVHTYVVPMDELVEFFTRAKRRIETDPEIKSGRPHMMPFRDRTFMVVLEVQMR,"B12,B13,B15,B16,B19,B20,B23,B36,B37,B38,B39,B40,B41,B44,B45,B47",0.88,0.83,0.73,0.19,0.23,0.85,0.89,6,0,-168.15,0.39,0.7,0.71,-39.59,1377.57,-2.87,36.8,56.25,16,4,25.0,3.0,18.75,41.67,50.0,8.33,30.36,55.36,14.29,"{'A': 0, 'C': 0, 'D': 2, 'E': 0, 'F': 2, 'G': 0, 'H': 1, 'I': 0, 'K': 1, 'L': 1, 'M': 3, 'N': 0, 'P': 2, 'Q': 0, 'R': 2, 'S': 0, 'T': 1, 'V': 1, 'W': 0, 'Y': 0}",0.29
PDL1_l58_s181997,4stage,58,181997,-0.3,A,PREARIAKRDAQMPAMAATLATLDKRFMAARKAGNRPLQATVHKMVKEELEKFNAQGM,"B2,B5,B6,B9,B10,B13,B14,B16,B17,B18,B20,B21,B24,B25,B27,B28,B31,B42,B43,B46,B47,B50,B51,B53,B54,B56,B57,B58",0.94,0.88,0.89,0.13,0.15,0.94,0.95,3,0,-129.08,0.49,0.69,0.59,-77.04,2485.75,-3.1,67.23,53.57,28,16,57.14,5.0,17.86,95.65,0.0,4.35,87.93,0.0,12.07,"{'A': 3, 'C': 0, 'D': 2, 'E': 1, 'F': 2, 'G': 1, 'H': 1, 'I': 1, 'K': 2, 'L': 2, 'M': 4, 'N': 1, 'P': 1, 'Q': 1, 'R': 4, 'S': 0, 'T': 0, 'V': 2, 'W': 0, 'Y': 0}",0.74
PDL1_l60_s865037,4stage,60,865037,-0.3,A,MGLTQAERDQRRYEVSRAKLVEYGRQLPPMEQAFARRAIRAVDTANTRFWRRKGQSPYSL,"B9,B10,B12,B13,B16,B17,B19,B20,B23,B24,B27,B31,B34,B35,B37,B38,B41,B42,B45,B46,B48,B49,B50,B52,B53",0.93,0.9,0.9,0.13,0.14,0.95,0.95,8,0,-145.38,0.39,0.78,0.71,-75.69,2255.7,-3.36,56.92,48.0,25,14,56.0,4.0,16.0,95.65,0.0,4.35,76.67,0.0,23.33,"{'A': 4, 'C': 0, 'D': 1, 'E': 1, 'F': 2, 'G': 1, 'H': 0, 'I': 0, 'K': 2, 'L': 2, 'M': 0, 'N': 1, 'P': 0, 'Q': 1, 'R': 5, 'S': 1, 'T': 0, 'V': 1, 'W': 1, 'Y': 2}",0.93
PDL1_l57_s741724,4stage,57,741724,-0.3,A,MWTPDPKGLSRQDRKFHVRFFEFVIEGGYAESLRWSPRQVERMREHIREMKELIARE,"B1,B2,B9,B12,B13,B15,B16,B17,B19,B20,B21,B23,B24,B29,B32,B33,B34,B35",0.9,0.85,0.8,0.16,0.19,0.89,0.93,7,0,-142.75,0.32,0.66,0.65,-49.18,1821.6,-2.7,54.73,61.11,18,7,38.89,4.0,22.22,53.33,0.0,46.67,68.42,0.0,31.58,"{'A': 0, 'C': 0, 'D': 1, 'E': 0, 'F': 4, 'G': 0, 'H': 1, 'I': 0, 'K': 1, 'L': 2, 'M': 1, 'N': 0, 'P': 0, 'Q': 1, 'R': 2, 'S': 1, 'T': 0, 'V': 1, 'W': 2, 'Y': 1}",0.34
PDL1_l57_s477926,4stage,57,477926,-0.3,A,RPMIPFETIMRDVRRRVTRLAASGMPGAAKRRRRREVLDEMDHNMRRAFKEVDGITP,"B6,B7,B10,B11,B13,B14,B17,B18,B34,B35,B38,B39,B41,B42,B45,B46,B49,B50,B52,B53,B55",0.86,0.87,0.82,0.17,0.18,0.87,0.91,15,0,-117.29,0.45,0.59,0.63,-47.22,1882.55,-2.51,47.95,47.62,21,3,14.29,4.0,19.05,88.89,0.0,11.11,75.44,0.0,24.56,"{'A': 0, 'C': 0, 'D': 3, 'E': 1, 'F': 2, 'G': 0, 'H': 0, 'I': 1, 'K': 1, 'L': 1, 'M': 3, 'N': 0, 'P': 0, 'Q': 0, 'R': 5, 'S': 0, 'T': 1, 'V': 3, 'W': 0, 'Y': 0}",0.37
PDL1_l61_s886728,4stage,61,886728,-0.3,A,GMTMQDVRFLKRAHRWLKVEVENNAGNRGSEREKVMRRAVKEIVVIFRREGLPPPDEIPDP,"B1,B2,B3,B5,B6,B8,B9,B10,B12,B13,B16,B17,B31,B32,B35,B36,B38,B39,B42,B43,B46,B49",0.9,0.86,0.84,0.16,0.18,0.93,0.91,15,0,-160.76,0.43,0.64,0.63,-54.12,1856.35,-2.92,49.86,50.0,22,6,27.27,2.0,9.09,89.47,0.0,10.53,73.77,0.0,26.23,"{'A': 2, 'C': 0, 'D': 1, 'E': 2, 'F': 1, 'G': 1, 'H': 0, 'I': 2, 'K': 0, 'L': 2, 'M': 2, 'N': 0, 'P': 0, 'Q': 1, 'R': 5, 'S': 0, 'T': 1, 'V': 1, 'W': 1, 'Y': 0}",0.45
PDL1_l55_s360798,4stage,55,360798,-0.3,A,AKMNEKQRWEWFMLMHRANDMGNREALDYLMKYGDPSNSQDWPAIKKKAKKILPK,"B2,B5,B8,B9,B11,B12,B13,B15,B16,B19,B27,B31,B32,B35,B36,B37",0.9,0.87,0.84,0.15,0.17,0.9,0.93,10,0,-140.73,0.32,0.62,0.66,-44.15,1573.45,-2.81,44.41,50.0,16,5,31.25,3.0,18.75,73.33,0.0,26.67,67.27,0.0,32.73,"{'A': 0, 'C': 0, 'D': 1, 'E': 1, 'F': 1, 'G': 0, 'H': 1, 'I': 0, 'K': 2, 'L': 1, 'M': 3, 'N': 1, 'P': 1, 'Q': 0, 'R': 1, 'S': 1, 'T': 0, 'V': 0, 'W': 2, 'Y': 0}",0.29
PDL1_l59_s243547,4stage,59,243547,-0.3,A,GMSREQRLKRYEMVRLGTLFRHAMRHEVDTAKVYVRVVEIRAEVAVLRATGKDFTIDEP,"B9,B10,B12,B13,B14,B16,B17,B20,B21,B23,B24,B27,B28,B30,B33,B34,B37,B41,B48",0.92,0.88,0.85,0.14,0.16,0.92,0.94,3,0,-150.88,0.38,0.75,0.65,-49.99,1851.12,-2.7,48.12,52.63,19,6,31.58,1.0,5.26,93.33,0.0,6.67,72.88,0.0,27.12,"{'A': 1, 'C': 0, 'D': 0, 'E': 2, 'F': 1, 'G': 1, 'H': 0, 'I': 0, 'K': 1, 'L': 1, 'M': 2, 'N': 0, 'P': 0, 'Q': 0, 'R': 4, 'S': 0, 'T': 1, 'V': 4, 'W': 0, 'Y': 1}",0.33
PDL1_l62_s237095,4stage,62,237095,-0.3,A,PWTDAEKTIKVKRMVAHEGSKLLNEHVKEPNKAHGLDRDEQMRNLVEEMNVLYEKMVAKVFG,"B9,B12,B13,B15,B16,B17,B19,B20,B23,B24,B26,B27,B30,B38,B39,B42,B43,B45,B46,B49,B50,B53",0.9,0.88,0.86,0.17,0.18,0.94,0.92,3,0,-154.9,0.4,0.67,0.67,-65.81,2116.12,-3.11,51.1,50.0,22,9,40.91,1.0,4.55,100.0,0.0,0.0,83.87,0.0,16.13,"{'A': 1, 'C': 0, 'D': 1, 'E': 0, 'F': 0, 'G': 1, 'H': 2, 'I': 1, 'K': 1, 'L': 2, 'M': 2, 'N': 2, 'P': 1, 'Q': 0, 'R': 3, 'S': 1, 'T': 0, 'V': 3, 'W': 0, 'Y': 1}",0.32
PDL1_l62_s34188,4stage,62,34188,-0.3,A,SAAERKRMLGEIRKDMVVLYSLTPGEHTEEDMQRTHRVARMMIRLLETPEGHRAVQAMFAAM,"B16,B19,B20,B21,B22,B24,B25,B27,B32,B35,B36,B39,B40,B42,B43,B46,B47,B52,B55,B56,B59",0.92,0.88,0.87,0.13,0.16,0.9,0.94,4,0,-141.01,0.41,0.67,0.69,-51.4,1942.1,-2.65,51.59,57.14,21,6,28.57,5.0,23.81,72.22,0.0,27.78,80.65,0.0,19.35,"{'A': 1, 'C': 0, 'D': 0, 'E': 1, 'F': 1, 'G': 1, 'H': 3, 'I': 1, 'K': 0, 'L': 3, 'M': 3, 'N': 0, 'P': 1, 'Q': 1, 'R': 1, 'S': 1, 'T': 1, 'V': 1, 'W': 0, 'Y': 1}",0.31
PDL1_l60_s972394,4stage,60,972394,-0.3,A,PNDIDPDWTEEERKWRRVMKRFWKLPQETVVRIWAVFAARMTVDGQGKVVYDIAELEAMV,"B8,B9,B15,B16,B19,B20,B22,B23,B27,B30,B31,B34,B35,B38,B39,B41,B42,B43,B46,B47,B48,B49,B51",0.86,0.85,0.79,0.16,0.18,0.86,0.91,3,0,-152.69,0.49,0.7,0.64,-53.85,1929.36,-2.79,48.37,65.22,23,5,21.74,5.0,21.74,47.62,9.52,42.86,53.33,6.67,40.0,"{'A': 3, 'C': 0, 'D': 0, 'E': 0, 'F': 1, 'G': 1, 'H': 0, 'I': 0, 'K': 2, 'L': 0, 'M': 2, 'N': 0, 'P': 0, 'Q': 2, 'R': 1, 'S': 0, 'T': 2, 'V': 4, 'W': 4, 'Y': 1}",0.36
PDL1_l58_s16817,4stage,58,16817,-0.3,A,RQRLTPRERSVAHMKEMIEFLKTYFPDTDTSHLKPDEPMTFPEFEFVRDHMQKYYART,"B3,B5,B6,B7,B9,B10,B12,B13,B40,B41,B42,B44,B45,B48,B51,B52,B55",0.78,0.73,0.45,0.29,0.37,0.69,0.78,22,0,-126.3,0.29,0.54,0.69,-39.06,1682.89,-2.32,42.77,41.18,17,5,29.41,3.0,17.65,71.43,0.0,28.57,60.34,0.0,39.66,"{'A': 1, 'C': 0, 'D': 0, 'E': 1, 'F': 2, 'G': 0, 'H': 1, 'I': 0, 'K': 0, 'L': 0, 'M': 1, 'N': 0, 'P': 2, 'Q': 1, 'R': 4, 'S': 1, 'T': 2, 'V': 0, 'W': 0, 'Y': 1}",0.28
PDL1_l57_s360603,4stage,57,360603,-0.3,A,SADKAARMAAREPIRKKFVGLMNWAEPEKAEGKMTDAELAAQHARAVELINVMNRMS,"B4,B7,B8,B11,B15,B18,B19,B22,B23,B26,B43,B46,B47,B50,B51,B53,B54,B57",0.94,0.88,0.87,0.12,0.14,0.93,0.95,14,0,-106.94,0.47,0.63,0.64,-50.32,1747.73,-2.88,50.8,44.44,18,10,55.56,4.0,22.22,94.44,0.0,5.56,85.96,0.0,14.04,"{'A': 1, 'C': 0, 'D': 0, 'E': 1, 'F': 1, 'G': 0, 'H': 1, 'I': 1, 'K': 1, 'L': 0, 'M': 3, 'N': 3, 'P': 0, 'Q': 0, 'R': 3, 'S': 1, 'T': 0, 'V': 2, 'W': 0, 'Y': 0}",0.33
PDL1_l63_s664311,4stage,63,664311,-0.3,A,SGEVPEEVMEVIEEQEEGLLRFARRKYPGEMSVWRRMTRHMKQSEIRWAARRNTTAPELRAIM,"B15,B19,B22,B27,B30,B33,B34,B36,B37,B38,B40,B41,B43,B44,B45,B47,B48,B51,B52,B59,B62,B63",0.91,0.87,0.84,0.14,0.17,0.92,0.93,11,0,-135.77,0.4,0.68,0.68,-57.13,2008.8,-2.84,51.75,50.0,22,11,50.0,4.0,18.18,94.44,0.0,5.56,84.13,0.0,15.87,"{'A': 0, 'C': 0, 'D': 0, 'E': 2, 'F': 1, 'G': 0, 'H': 1, 'I': 1, 'K': 0, 'L': 2, 'M': 3, 'N': 0, 'P': 0, 'Q': 2, 'R': 4, 'S': 1, 'T': 1, 'V': 1, 'W': 2, 'Y': 1}",0.42
PDL1_l60_s619016,4stage,60,619016,-0.3,A,MTVRQVYDRLWWEALQDFSRTEDDRHLQMLRNLGKFYKKHPGGKGVTPQEMVREVHAVVS,"B4,B7,B11,B12,B15,B18,B19,B20,B22,B27,B30,B31,B34,B35,B37,B38",0.8,0.81,0.68,0.22,0.26,0.81,0.81,11,0,-148.69,0.33,0.52,0.59,-38.88,1762.14,-2.21,49.33,50.0,16,7,43.75,0.0,0.0,93.33,0.0,6.67,83.33,0.0,16.67,"{'A': 0, 'C': 0, 'D': 0, 'E': 1, 'F': 1, 'G': 1, 'H': 0, 'I': 0, 'K': 2, 'L': 3, 'M': 0, 'N': 0, 'P': 0, 'Q': 0, 'R': 3, 'S': 1, 'T': 0, 'V': 0, 'W': 2, 'Y': 2}",0.97
PDL1_l55_s876262,4stage,55,876262,-0.3,A,PRRRSKAERWQRVDRLMREMMRWFEAPGVTNHSGTDPATRAEIRRYTGEIHEEMA,"B6,B10,B13,B14,B17,B18,B20,B21,B22,B24,B25,B32,B33,B35,B40,B43,B47,B50,B51,B54,B55",0.91,0.88,0.85,0.14,0.16,0.92,0.94,4,0,-117.74,0.43,0.75,0.69,-62.02,2028.82,-3.06,56.31,47.62,21,10,47.62,3.0,14.29,80.0,0.0,20.0,69.09,0.0,30.91,"{'A': 1, 'C': 0, 'D': 1, 'E': 1, 'F': 1, 'G': 0, 'H': 2, 'I': 2, 'K': 1, 'L': 0, 'M': 4, 'N': 0, 'P': 0, 'Q': 0, 'R': 3, 'S': 1, 'T': 2, 'V': 1, 'W': 1, 'Y': 0}",1.02
PDL1_l64_s183684,4stage,64,183684,-0.3,A,SRSVSPYEVDMVMRAMIHEYDEMEETGRRDVDEVVRRLRRMTRNPFMRKVIDDSFENWRRRNSG,"B2,B3,B4,B6,B9,B10,B13,B14,B16,B17,B20,B21,B24,B46,B47,B50,B53,B54,B57,B58,B60,B61",0.89,0.88,0.85,0.16,0.18,0.91,0.93,6,0,-151.12,0.23,0.62,0.63,-49.37,1850.02,-2.67,44.86,50.0,22,9,40.91,4.0,18.18,100.0,0.0,0.0,75.0,0.0,25.0,"{'A': 0, 'C': 0, 'D': 3, 'E': 1, 'F': 1, 'G': 0, 'H': 0, 'I': 1, 'K': 0, 'L': 0, 'M': 3, 'N': 1, 'P': 1, 'Q': 0, 'R': 4, 'S': 2, 'T': 0, 'V': 3, 'W': 1, 'Y': 1}",0.39
PDL1_l65_s675895,4stage,65,675895,-0.3,A,MEVEVHVFHMHMKPGGPEVFMRDFVESIRSDPQDTVESVTTEGERHVVVYTSDGTRQVDIFEMTM,"B6,B8,B9,B10,B11,B12,B13,B16,B19,B20,B22,B23,B24,B27,B30,B31,B50,B57,B59,B61",0.9,0.82,0.74,0.18,0.23,0.89,0.92,4,0,-196.8,0.36,0.59,0.67,-40.74,1668.8,-2.44,46.08,40.0,20,5,25.0,4.0,20.0,23.53,58.82,17.65,21.54,53.85,24.62,"{'A': 0, 'C': 0, 'D': 3, 'E': 0, 'F': 4, 'G': 1, 'H': 3, 'I': 0, 'K': 1, 'L': 0, 'M': 2, 'N': 0, 'P': 0, 'Q': 1, 'R': 1, 'S': 2, 'T': 0, 'V': 1, 'W': 0, 'Y': 1}",0.23
PDL1_l55_s699715,4stage,55,699715,-0.3,A,DEAAQEKSIREMLMHRGYRQVFMKYVKSRGLEVTNDMDELMAAFRILFGKHKPPS,"B1,B5,B8,B9,B11,B12,B15,B16,B17,B18,B21,B22,B24,B25,B28,B29,B44,B48,B51,B53,B54",0.84,0.85,0.8,0.19,0.21,0.86,0.9,2,0,-125.13,0.4,0.7,0.74,-51.71,1995.88,-2.59,55.41,47.62,21,5,23.81,6.0,28.57,80.0,0.0,20.0,69.09,0.0,30.91,"{'A': 0, 'C': 0, 'D': 1, 'E': 1, 'F': 3, 'G': 1, 'H': 2, 'I': 1, 'K': 1, 'L': 0, 'M': 1, 'N': 0, 'P': 2, 'Q': 1, 'R': 2, 'S': 2, 'T': 0, 'V': 1, 'W': 0, 'Y': 2}",0.38
PDL1_l55_s940880,4stage,55,940880,-0.3,A,SLEKVEKGETKYYLKQVKEWRASGTNDRESRNEAVWYLVKAMRIKEKMEDRRAAS,"B14,B17,B18,B20,B21,B25,B26,B31,B32,B34,B35,B38,B39,B42,B43,B45,B46,B49",0.94,0.88,0.87,0.13,0.15,0.94,0.95,11,0,-121.26,0.33,0.69,0.68,-53.35,1713.48,-3.11,43.48,44.44,18,10,55.56,0.0,0.0,88.89,0.0,11.11,89.09,0.0,10.91,"{'A': 1, 'C': 0, 'D': 0, 'E': 2, 'F': 0, 'G': 0, 'H': 0, 'I': 0, 'K': 2, 'L': 2, 'M': 1, 'N': 2, 'P': 0, 'Q': 0, 'R': 3, 'S': 0, 'T': 1, 'V': 3, 'W': 1, 'Y': 0}",0.27
PDL1_l58_s845025,4stage,58,845025,-0.3,A,AERVSERQVRRAIRRLARGHMAPEEAMRILVRFIHMNTDQLGVAMRLVERLHEVQERM,"B27,B30,B31,B34,B35,B38,B39,B41,B42,B44,B45,B48,B49,B52",0.95,0.88,0.86,0.13,0.15,0.96,0.96,2,0,-148.32,0.32,0.76,0.67,-41.87,1377.55,-3.04,37.38,57.14,14,2,14.29,3.0,21.43,100.0,0.0,0.0,79.31,0.0,20.69,"{'A': 1, 'C': 0, 'D': 1, 'E': 1, 'F': 0, 'G': 1, 'H': 2, 'I': 1, 'K': 0, 'L': 2, 'M': 2, 'N': 0, 'P': 0, 'Q': 0, 'R': 0, 'S': 0, 'T': 1, 'V': 2, 'W': 0, 'Y': 0}",0.34
PDL1_l55_s816921,4stage,55,816921,-0.3,A,SAKEVREERVVERFRRRHGGIPRNLTNEHVLDIIRLSQDEGLSVMPVFERVMRLG,"B3,B24,B25,B26,B27,B30,B31,B34,B38,B43,B44,B45,B46,B48,B49,B52,B53",0.94,0.87,0.84,0.12,0.15,0.93,0.95,2,1,-141.68,0.39,0.73,0.56,-42.17,1555.21,-2.71,50.4,52.94,17,9,52.94,4.0,23.53,80.0,0.0,20.0,74.55,0.0,25.45,"{'A': 0, 'C': 0, 'D': 0, 'E': 1, 'F': 1, 'G': 0, 'H': 0, 'I': 1, 'K': 1, 'L': 2, 'M': 2, 'N': 2, 'P': 1, 'Q': 1, 'R': 1, 'S': 1, 'T': 1, 'V': 2, 'W': 0, 'Y': 0}",0.38
PDL1_l61_s746,4stage,61,746,-0.3,A,SEAQFEKWFKDMMSDVWANKATMTAKEMQELVRDRLRDSPHKWNKHDKQFWIRAAVHIRDS,"B2,B5,B6,B9,B10,B13,B17,B41,B43,B44,B46,B47,B50,B51,B53,B54,B57,B58,B61",0.92,0.87,0.85,0.12,0.15,0.89,0.93,19,0,-147.06,0.27,0.69,0.65,-49.94,1939.22,-2.58,54.51,47.37,19,7,36.84,5.0,26.32,83.33,0.0,16.67,75.41,0.0,24.59,"{'A': 1, 'C': 0, 'D': 1, 'E': 2, 'F': 3, 'G': 0, 'H': 3, 'I': 1, 'K': 1, 'L': 0, 'M': 1, 'N': 1, 'P': 0, 'Q': 0, 'R': 1, 'S': 1, 'T': 0, 'V': 0, 'W': 3, 'Y': 0}",0.32
PDL1_l57_s511714,4stage,57,511714,-0.3,A,SRAPTPKDKFSDRLDVMMRRWFREEDERLVPVDPTERSKELMRMIKRVREVVRRESA,"B7,B8,B10,B11,B12,B14,B15,B18,B19,B21,B22,B23,B25,B26,B34,B35,B37,B38,B41,B42,B44,B45,B49",0.9,0.89,0.85,0.14,0.16,0.92,0.92,6,0,-124.08,0.39,0.59,0.65,-51.31,1940.5,-2.64,46.5,43.48,23,10,43.48,3.0,13.04,100.0,0.0,0.0,78.95,0.0,21.05,"{'A': 0, 'C': 0, 'D': 4, 'E': 1, 'F': 2, 'G': 0, 'H': 0, 'I': 1, 'K': 1, 'L': 2, 'M': 3, 'N': 0, 'P': 1, 'Q': 0, 'R': 4, 'S': 2, 'T': 1, 'V': 0, 'W': 1, 'Y': 0}",1.21
PDL1_l59_s973344,4stage,59,973344,-0.3,A,GLNEDEKAVVRFLRWHANYHGWSLDEVIDHYISINSDDPNNLFSPRNLKRMREVLRRDG,"B4,B5,B8,B9,B11,B12,B13,B15,B16,B18,B19,B20,B31,B34,B35,B36,B41,B42,B43",0.95,0.87,0.86,0.13,0.16,0.95,0.96,13,0,-162.48,0.37,0.67,0.71,-46.8,1758.51,-2.66,53.81,52.63,19,7,36.84,3.0,15.79,68.75,0.0,31.25,71.19,0.0,28.81,"{'A': 1, 'C': 0, 'D': 1, 'E': 1, 'F': 2, 'G': 0, 'H': 2, 'I': 1, 'K': 0, 'L': 2, 'M': 0, 'N': 3, 'P': 0, 'Q': 0, 'R': 1, 'S': 1, 'T': 0, 'V': 1, 'W': 1, 'Y': 2}",0.29
PDL1_l62_s310440,4stage,62,310440,-0.3,A,ASPKVITVNATGMTPVEAHKKMVRDIFSQIPRTPYEVKRVMEVWIERWKNNQMNKSAEFVFT,"B15,B16,B19,B20,B23,B24,B27,B28,B32,B34,B37,B38,B41,B42,B44,B45,B48,B49",0.77,0.83,0.73,0.22,0.25,0.81,0.8,2,0,-156.75,0.41,0.7,0.77,-47.78,1692.52,-2.82,48.41,55.56,18,5,27.78,7.0,38.89,87.5,0.0,12.5,46.77,16.13,37.1,"{'A': 0, 'C': 0, 'D': 0, 'E': 1, 'F': 1, 'G': 0, 'H': 1, 'I': 1, 'K': 3, 'L': 0, 'M': 1, 'N': 0, 'P': 2, 'Q': 0, 'R': 2, 'S': 1, 'T': 0, 'V': 3, 'W': 2, 'Y': 0}",0.28